,시군구_코드_명,행정동_코드_명,상권_코드,상권_코드_명
0,강남구,개포2동,1000892,개포로82길
1,강남구,개포2동,1000928,선릉로18길
2,강남구,개포2동,1001475,강남개포시장
3,강남구,개포4동,1000889,개포로17길
4,강남구,개포4동,1000890,개포로20길
5,강남구,개포4동,1000891,개포로28길
6,강남구,개포4동,1000895,논현로10길
7,강남구,개포4동,1000903,논현로8길
8,강남구,개포4동,1001019,포이사거리_1
9,강남구,논현1동,1000886,강남대로118길
10,강남구,논현1동,1000887,강남대로136길
11,강남구,논현1동,1000888,강남대로140길
12,강남구,논현1동,1000896,논현로115길
13,강남구,논현1동,1000897,논현로123길
14,강남구,논현1동,1000898,논현로139길
15,강남구,논현1동,1000938,학동로6길
16,강남구,논현1동,1001095,강남구 논현역_2
17,강남구,논현1동,1001100,강남구 논현역_3
18,강남구,논현1동,1001102,서울 강남구 학동역_1
19,강남구,논현1동,1001108,학동역
20,강남구,논현1동,1001117,강남구 신사역_2
21,강남구,논현1동,1001471,영동전통시장
22,강남구,논현2동,1000907,도산대로30길
23,강남구,논현2동,1000908,도산대로38길
24,강남구,논현2동,1000909,도산대로50길
25,강남구,논현2동,1000913,봉은사로29길
26,강남구,논현2동,1000914,봉은사로43길
27,강남구,논현2동,1000924,선릉로121길
28,강남구,논현2동,1000926,선릉로133길
29,강남구,논현2동,1000936,학동로38길
30,강남구,논현2동,1001090,삼정역_2
31,강남구,논현2동,1001106,서울 강남구 학동역_2
32,강남구,논현2동,1001111,서울 강남구 강남구청역_1
33,강남구,논현2동,1001112,서울 강남구 학동역_3
34,강남구,논현2동,1001115,서울 강남구 강남구청역_2
35,강남구,논현2동,1001123,학동사거리_1
36,강남구,대치1동,1000919,삼성로57길
37,강남구,대치1동,1001053,서울 강남구 대치역_1
38,강남구,대치1동,1001054,서울 강남구 대치역_2
39,강남구,대치1동,1001065,은마아파트입구사거리_1
40,강남구,대치2동,1000921,삼성로64길
41,강남구,대치2동,1000932,영동대로65길
42,강남구,대치2동,1001068,은마아파트입구사거리_2
43,강남구,대치2동,1001070,은마아파트입구사거리_4
44,강남구,대치2동,1001088,삼성역_1
45,강남구,대치2동,1001091,삼성역_2
46,강남구,대치4동,1000920,삼성로63길
47,강남구,대치4동,1000922,삼성로69길
48,강남구,대치4동,1000923,삼성로75길
49,강남구,대치4동,1001069,은마아파트입구사거리_3
50,강남구,대치4동,1001071,서울 강남구 한티역
51,강남구,대치4동,1001082,선릉역_2
52,강남구,도곡1동,1000893,남부순환로365길
53,강남구,도곡1동,1001037,양재역
54,강남구,도곡1동,1001047,뱅뱅사거리_1
55,강남구,도곡2동,1000900,논현로26길
56,강남구,도곡2동,1000901,논현로28길
57,강남구,도곡2동,1001035,매봉역
58,강남구,삼성1동,1000912,봉은사로109길
59,강남구,삼성1동,1000931,영동대로112길
60,강남구,삼성1동,1000935,테헤란로81길
61,강남구,삼성1동,1001099,포스코사거리_2
62,강남구,삼성1동,1001103,코엑스
63,강남구,삼성1동,1001104,삼성역_3
64,강남구,삼성1동,1001496,강남 마이스 관광특구
65,강남구,삼성2동,1000915,봉은사로57길
66,강남구,삼성2동,1000916,봉은사로68길
67,강남구,삼성2동,1000917,삼성로115길
68,강남구,삼성2동,1000937,학동로56길
69,강남구,삼성2동,1001084,서울 강남구 선릉역_1
70,강남구,삼성2동,1001094,선정릉역_1
71,강남구,삼성2동,1001098,포스코사거리_1
72,강남구,삼성2동,1001101,선정릉역_2
73,강남구,수서동,1001041,서울 강남구 수서역
74,강남구,신사동,1000899,논현로159길
75,강남구,신사동,1000905,도산대로15길
76,강남구,신사동,1000906,도산대로23길
77,강남구,신사동,1000929,압구정로2길
78,강남구,신사동,1001135,신사동 가로수길
79,강남구,압구정동,1001120,도산공원사거리_1
80,강남구,압구정동,1001140,서울 강남구 압구정역
81,강남구,압구정동,1001141,압구정 로데오거리_2
82,강남구,역삼1동,1000894,논현로106길
83,강남구,역삼1동,1000902,논현로63길
84,강남구,역삼1동,1001052,뱅뱅사거리_2
85,강남구,역삼1동,1001058,역삼역_1
86,강남구,역삼1동,1001066,서울 강남구 강남역
87,강남구,역삼1동,1001073,서울 강남구 역삼역_1
88,강남구,역삼1동,1001081,서울 강남구 역삼역_2
89,강남구,역삼1동,1001085,서울 서초구 강남역
90,강남구,역삼1동,1001087,서울 강남구 선릉역_2
91,강남구,역삼1동,1001089,삼정역_1
92,강남구,역삼2동,1000904,도곡로37길
93,강남구,역삼2동,1000930,언주로81길
94,강남구,역삼2동,1001075,역삼역_2
95,강남구,역삼2동,1001077,선릉역_1
96,강남구,역삼2동,1001474,도곡시장
97,강남구,일원1동,1000933,일원로3길
98,강남구,일원1동,1000934,일원로9길
99,강남구,청담동,1000910,도산대로81길
100,강남구,청담동,1000911,도산대로89길
101,강남구,청담동,1000918,삼성로147길
102,강남구,청담동,1000925,선릉로132길
103,강남구,청담동,1000927,선릉로146길
104,강남구,청담동,1000939,학동로77길
105,강남구,청담동,1001125,학동사거리_2
106,강남구,청담동,1001128,청담사거리_1
107,강남구,청담동,1001129,청담사거리_2
108,강남구,청담동,1001130,청담역_1
109,강남구,청담동,1001131,청담역_2
110,강남구,청담동,1001133,청담사거리_3
111,강남구,청담동,1001138,압구정 로데오거리_1
112,강남구,청담동,1001473,청담삼익시장
113,강동구,고덕1동,1000970,고덕로61길
114,강동구,고덕1동,1000976,동남로85길
115,강동구,고덕2동,1000975,동남로82길
116,강동구,고덕2동,1001482,고덕전통시장
117,강동구,길동,1000987,양재대로116길
118,강동구,길동,1000988,양재대로124길
119,강동구,길동,1001000,진황도로47길
120,강동구,길동,1001005,천호대로187길
121,강동구,길동,1001006,천호대로197길
122,강동구,길동,1001156,서울 강동구 길동역
123,강동구,길동,1001490,길동복조리시장
124,강동구,둔촌2동,1000977,명일로13길
125,강동구,둔촌2동,1000992,양재대로96길
126,강동구,명일1동,1000980,상암로51길
127,강동구,명일1동,1001002,천중로51길
128,강동구,명일1동,1001173,서울 강동구 명일역
129,강동구,명일1동,1001481,명일골목시장
130,강동구,명일2동,1000974,동남로65길
131,강동구,명일2동,1001175,서울 강동구 고덕역
132,강동구,상일동,1000982,상일로5길
133,강동구,상일동,1001007,천호대로219길
134,강동구,성내1동,1000983,성내로5길
135,강동구,성내1동,1000984,성안로3길
136,강동구,성내1동,1000993,올림픽로48길
137,강동구,성내2동,1001003,천호대로162길
138,강동구,성내2동,1001004,천호대로170길
139,강동구,성내2동,1001008,천호옛14길
140,강동구,성내2동,1001009,천호옛길
141,강동구,성내2동,1001010,풍성로37가길
142,강동구,성내2동,1001157,서울 강동구 천호역_1
143,강동구,성내2동,1001488,성내골목시장
144,강동구,성내3동,1000967,강동대로53길
145,강동구,성내3동,1000986,양재대로101길
146,강동구,성내3동,1000990,양재대로91길
147,강동구,성내3동,1000991,양재대로95길
148,강동구,성내3동,1001137,서울 강동구 둔촌동역
149,강동구,성내3동,1001489,둔촌역전통시장
150,강동구,암사1동,1000968,고덕로10길
151,강동구,암사1동,1000985,암사길
152,강동구,암사1동,1000998,올림픽로98길
153,강동구,암사1동,1001483,암사종합시장
154,강동구,암사2동,1000981,상암로5길
155,강동구,암사3동,1000969,고덕로25길
156,강동구,암사3동,1001484,양지골목시장
157,강동구,천호1동,1000971,구천면로36길
158,강동구,천호1동,1000973,구천면로42길
159,강동구,천호1동,1000989,양재대로133길
160,강동구,천호1동,1001001,천중로39길
161,강동구,천호1동,1001485,고분다리골목시장
162,강동구,천호2동,1000972,구천면로41길
163,강동구,천호2동,1000978,상암로14길
164,강동구,천호2동,1000979,상암로4길
165,강동구,천호2동,1000994,올림픽로71길
166,강동구,천호2동,1000995,올림픽로77길
167,강동구,천호2동,1000996,올림픽로78길
168,강동구,천호2동,1000997,올림픽로80길
169,강동구,천호2동,1001163,서울 강동구 천호역_2
170,강동구,천호2동,1001486,동서울시장
171,강동구,천호2동,1001487,천호시장
172,강동구,천호3동,1000999,진황도로27길
173,강북구,미아동,1000322,도봉로45길
174,강북구,미아동,1000323,도봉로67길
175,강북구,미아동,1000324,도봉로76길
176,강북구,미아동,1000335,솔매로41길
177,강북구,미아동,1000336,솔매로45길
178,강북구,번1동,1000319,덕릉로41길
179,강북구,번1동,1000342,오패산로67길
180,강북구,번1동,1000347,한천로124나길
181,강북구,번1동,1000348,한천로130길
182,강북구,번1동,1000349,한천로132길
183,강북구,번1동,1001256,서울 강북구 수유역_1
184,강북구,번1동,1001352,번동북부골목시장
185,강북구,번2동,1000318,덕릉로40길
186,강북구,번3동,1000346,한천로109길
187,강북구,삼각산동,1000330,삼양로27길
188,강북구,삼각산동,1001351,솔샘시장
189,강북구,삼양동,1000331,삼양로41길
190,강북구,삼양동,1001348,동북시장
191,강북구,송중동,1000321,도봉로18길
192,강북구,송중동,1000325,도봉로8길
193,강북구,송중동,1000337,솔매로50길
194,강북구,송중동,1000340,오패산로30길
195,강북구,송중동,1000341,오패산로52길
196,강북구,송중동,1001251,서울 강북구 미아삼거리역_1
197,강북구,송중동,1001349,방천골목시장
198,강북구,송천동,1000320,도봉로13길
199,강북구,송천동,1000328,삼양로20길
200,강북구,송천동,1000329,삼양로24길
201,강북구,송천동,1000332,삼양로54길
202,강북구,송천동,1000338,솔샘로65길
203,강북구,송천동,1001350,숭인시장
204,강북구,수유1동,1000333,삼양로77길
205,강북구,수유1동,1000339,수유로12길
206,강북구,수유1동,1001353,수유전통시장
207,강북구,수유2동,1000316,노해로23길
208,강북구,수유2동,1000317,노해로33길
209,강북구,수유2동,1001354,우이시장
210,강북구,수유3동,1000315,노해로17길
211,강북구,수유3동,1000326,도봉로99길
212,강북구,수유3동,1000327,삼각산로28길
213,강북구,수유3동,1000350,한천로139가길
214,강북구,수유3동,1000351,한천로140길
215,강북구,수유3동,1001257,서울 강북구 수유역_2
216,강북구,수유3동,1001259,서울 강북구 수유역_3
217,강북구,수유3동,1001355,강북종합시장
218,강북구,우이동,1001357,장미원골목시장
219,강북구,인수동,1000334,삼양로93길
220,강북구,인수동,1000343,인수봉로56길
221,강북구,인수동,1000344,인수봉로72길
222,강북구,인수동,1000345,인수봉로79길
223,강북구,인수동,1001358,수유북부시장
224,강서구,가양1동,1000595,양천로49길
225,강서구,공항동,1000580,공항대로8길
226,강서구,공항동,1000583,남부순환로11길
227,강서구,공항동,1000589,방화대로21길
228,강서구,공항동,1000590,방화대로6라길
229,강서구,공항동,1001198,서울 강서구 송정역
230,강서구,등촌1동,1000576,공항대로55길
231,강서구,등촌1동,1000577,공항대로59길
232,강서구,등촌1동,1000608,화곡로64길
233,강서구,등촌1동,1001407,등마루시장
234,강서구,등촌2동,1000585,등촌로39길
235,강서구,등촌2동,1000586,등촌로51길
236,강서구,등촌2동,1000587,등촌로55길
237,강서구,등촌3동,1001194,서울 강서구 발산역
238,강서구,발산1동,1000561,강서로47길
239,강서구,발산1동,1000562,강서로47라길
240,강서구,발산1동,1001414,송화골목시장
241,강서구,방화1동,1000592,양천로24가길
242,강서구,방화1동,1000593,양천로24길
243,강서구,방화1동,1000594,양천로26길
244,강서구,방화1동,1000602,초원로16길
245,강서구,방화1동,1001415,방신전통시장
246,강서구,방화2동,1000567,개화동로23길
247,강서구,방화2동,1000568,개화동로25길
248,강서구,방화2동,1000591,양천로14길
249,강서구,방화2동,1001416,공항시장
250,강서구,염창동,1000578,공항대로59다길
251,강서구,염창동,1000579,공항대로61길
252,강서구,염창동,1000596,양천로71길
253,강서구,염창동,1000597,양천로73가길
254,강서구,우장산동,1000574,공항대로38길
255,강서구,우장산동,1000575,공항대로42길
256,강서구,우장산동,1000598,우장산로6길
257,강서구,우장산동,1000605,화곡로31길
258,강서구,화곡1동,1000552,가로공원로76가길
259,강서구,화곡1동,1000553,가로공원로80길
260,강서구,화곡1동,1000554,강서로15길
261,강서구,화곡1동,1000555,강서로17가길
262,강서구,화곡1동,1000557,강서로29길
263,강서구,화곡1동,1000563,강서로5가길
264,강서구,화곡1동,1000564,강서로5나길
265,강서구,화곡1동,1000599,월정로20길
266,강서구,화곡1동,1000604,화곡로20길
267,강서구,화곡1동,1001409,화곡중앙골목시장
268,강서구,화곡2동,1000565,강서로5라길
269,강서구,화곡2동,1000570,곰달래로31길
270,강서구,화곡2동,1000571,곰달래로47길
271,강서구,화곡2동,1000581,국회대로7길
272,강서구,화곡3동,1000558,강서로35길
273,강서구,화곡3동,1000559,강서로45길
274,강서구,화곡3동,1000560,강서로45다길
275,강서구,화곡4동,1000572,곰달래로53길
276,강서구,화곡4동,1000573,곰달래로60길
277,강서구,화곡4동,1000584,등촌로13길
278,강서구,화곡4동,1000588,등촌로5길
279,강서구,화곡4동,1001411,남부골목시장
280,강서구,화곡6동,1000606,화곡로44나길
281,강서구,화곡6동,1000607,화곡로59길
282,강서구,화곡6동,1001179,강서구청
283,강서구,화곡8동,1000556,강서로18길
284,강서구,화곡8동,1000566,강서로8길
285,강서구,화곡8동,1000569,곰달래로25길
286,강서구,화곡8동,1001413,까치산시장
287,강서구,화곡본동,1000582,까치산로4길
288,강서구,화곡본동,1000600,초록마을로3길
289,강서구,화곡본동,1000601,초록마을로8길
290,강서구,화곡본동,1001412,화곡본동시장
291,관악구,낙성대동,1000780,관악로10길
292,관악구,낙성대동,1000781,관악로14길
293,관악구,낙성대동,1000799,남부순환로234길
294,관악구,낙성대동,1001453,낙성대시장
295,관악구,난곡동,1000789,난곡로24길
296,관악구,난곡동,1000790,난곡로26길
297,관악구,난곡동,1000791,난곡로34길
298,관악구,난곡동,1000808,법원단지9길
299,관악구,난곡동,1000809,법원단지길
300,관악구,난곡동,1001467,우림시장
301,관악구,난향동,1000794,난향길
302,관악구,남현동,1000801,남현2길
303,관악구,남현동,1000802,남현3길
304,관악구,남현동,1000803,남현길
305,관악구,남현동,1000814,승방길
306,관악구,남현동,1001017,관악구 사당역_3
307,관악구,대학동,1000805,대학14길
308,관악구,대학동,1000806,대학길
309,관악구,대학동,1000816,신림로11길
310,관악구,대학동,1000838,호암로20길
311,관악구,대학동,1000839,호암로24길
312,관악구,대학동,1001016,서울 관악구 대학동_1
313,관악구,미성동,1000793,난우길
314,관악구,미성동,1000795,남부순환로142길
315,관악구,미성동,1000798,남부순환로172길
316,관악구,미성동,1000807,미성5길
317,관악구,미성동,1001466,미성동도깨비시장
318,관악구,보라매동,1000804,당곡길
319,관악구,보라매동,1000811,봉천로13길
320,관악구,삼성동,1000840,양산길
321,관악구,삼성동,1000841,양지길
322,관악구,삼성동,1000842,원신길
323,관악구,삼성동,1001464,삼성동시장
324,관악구,삼성동,1001465,신신림시장
325,관악구,서림동,1000810,복은길
326,관악구,서림동,1000813,서림7길
327,관악구,서림동,1000817,신림로28길
328,관악구,서림동,1000818,신림로38길
329,관악구,서원동,1000819,신림로48길
330,관악구,서원동,1001031,서울 관악구 신림역_1
331,관악구,서원동,1001032,서울 관악구 신림역_2
332,관악구,성현동,1000786,구암길
333,관악구,성현동,1000825,은천로25길
334,관악구,신림동,1000785,관천로22길
335,관악구,신림동,1000815,신림동길
336,관악구,신림동,1000820,신림로64길
337,관악구,신림동,1000821,신림로65길
338,관악구,신림동,1001040,서울 관악구 신림역_3
339,관악구,신림동,1001046,서울 관악구 신림역_4
340,관악구,신사동,1000784,관천로15길
341,관악구,신사동,1000792,난곡로74길
342,관악구,신사동,1000796,남부순환로151길
343,관악구,신사동,1000797,남부순환로161길
344,관악구,신사동,1000822,신사로20길
345,관악구,신사동,1001460,관악신사시장
346,관악구,신사동,1001461,신림종합시장
347,관악구,신원동,1000823,신원로3길
348,관악구,신원동,1001459,신원시장
349,관악구,은천동,1000787,국회단지길
350,관악구,은천동,1000812,봉천로33길
351,관악구,은천동,1001455,봉일시장
352,관악구,인헌동,1000788,낙성대역길
353,관악구,인헌동,1000800,남부순환로248길
354,관악구,인헌동,1000826,인헌길
355,관악구,인헌동,1001458,인헌시장
356,관악구,조원동,1000829,조원로10길
357,관악구,조원동,1000830,조원로18길
358,관악구,조원동,1000831,조원중앙로2길
359,관악구,조원동,1001462,강남골목시장
360,관악구,조원동,1001463,신림중앙시장
361,관악구,중앙동,1000824,양녕로6길
362,관악구,중앙동,1000832,중앙길
363,관악구,중앙동,1001457,봉천중앙시장
364,관악구,청룡동,1000827,장군봉1길
365,관악구,청룡동,1000828,장군봉2길
366,관악구,청룡동,1000833,청룡8길
367,관악구,청룡동,1000834,청룡길
368,관악구,청룡동,1000843,소담길
369,관악구,청룡동,1001025,서울 관악구 서울대입구역_1
370,관악구,청룡동,1001454,봉천제일종합시장
371,관악구,청림동,1000783,관악로30길
372,관악구,청림동,1000835,청림3길
373,관악구,행운동,1000782,관악로28길
374,관악구,행운동,1000836,행운1길
375,관악구,행운동,1000837,행운길
376,관악구,행운동,1001028,서울 관악구 서울대입구역_2
377,관악구,행운동,1001452,중부시장
378,광진구,광장동,1000155,아차산로78길
379,광진구,구의1동,1000129,광나루로36길
380,광진구,구의1동,1000131,광나루로40길
381,광진구,구의1동,1000152,아차산로51길
382,광진구,구의1동,1000153,아차산로55길
383,광진구,구의1동,1000160,자양로26길
384,광진구,구의1동,1001160,서울 광진구 구의역
385,광진구,구의2동,1000130,광나루로37길
386,광진구,구의2동,1000162,자양로50길
387,광진구,구의2동,1000167,천호대로129길
388,광진구,구의2동,1001310,구의시장
389,광진구,구의3동,1000132,광나루로52길
390,광진구,구의3동,1000154,아차산로65길
391,광진구,구의3동,1001152,서울 광진구 강변역
392,광진구,군자동,1001172,어린이대공원역
393,광진구,군자동,1001181,서울 광진구 군자역
394,광진구,능동,1000139,능동로34길
395,광진구,자양1동,1000151,아차산로40길
396,광진구,자양1동,1000158,자양로11길
397,광진구,자양1동,1000159,자양로15길
398,광진구,자양1동,1001304,자양골목시장
399,광진구,자양2동,1000146,뚝섬로48길
400,광진구,자양2동,1000147,뚝섬로54길
401,광진구,자양2동,1000148,뚝섬로58길
402,광진구,자양2동,1000149,뚝섬로64길
403,광진구,자양2동,1001305,자양종합시장
404,광진구,자양3동,1000141,능동로4길
405,광진구,자양3동,1000144,뚝섬로23길
406,광진구,자양3동,1000164,자양번영로3길
407,광진구,자양3동,1001161,건대입구역
408,광진구,자양4동,1000140,능동로3길
409,광진구,자양4동,1000142,동일로18길
410,광진구,자양4동,1000145,뚝섬로24길
411,광진구,자양4동,1001162,서울 광진구 건대입구역_1
412,광진구,자양4동,1001306,노룬산골목시장
413,광진구,자양4동,1001308,영동교골목시장
414,광진구,자양4동,1001309,조양시장
415,광진구,중곡1동,1000134,긴고랑로7길
416,광진구,중곡1동,1000135,긴고랑로8길
417,광진구,중곡1동,1001301,중곡제일시장
418,광진구,중곡2동,1000133,긴고랑로20길
419,광진구,중곡2동,1000156,용마산로21길
420,광진구,중곡2동,1000157,용마산로3길
421,광진구,중곡2동,1000165,천호대로109길
422,광진구,중곡2동,1000166,천호대로123길
423,광진구,중곡3동,1000136,긴고랑로9길
424,광진구,중곡3동,1000150,면목로17길
425,광진구,중곡3동,1001302,면곡골목시장
426,광진구,중곡4동,1000161,자양로45길
427,광진구,중곡4동,1000163,자양로53길
428,광진구,중곡4동,1001303,신성골목시장
429,광진구,화양동,1000127,광나루로12길
430,광진구,화양동,1000128,광나루로24길
431,광진구,화양동,1000137,능동로13길
432,광진구,화양동,1000138,능동로19길
433,광진구,화양동,1000143,동일로24길
434,광진구,화양동,1001165,서울 광진구 건대입구역_2
435,광진구,화양동,1001299,한아름시장
436,광진구,화양동,1001300,화양제일골목시장
437,구로구,가리봉동,1000631,구로동로7길
438,구로구,가리봉동,1000641,도림로6길
439,구로구,가리봉동,1000642,디지털로27길
440,구로구,가리봉동,1000651,우마길
441,구로구,가리봉동,1001026,구로디지털단지역
442,구로구,가리봉동,1001419,가리봉시장
443,구로구,개봉1동,1000614,개봉로23가길
444,구로구,개봉1동,1000618,경인로31길
445,구로구,개봉1동,1000619,경인로35길
446,구로구,개봉1동,1000621,고척로21나길
447,구로구,개봉1동,1000622,고척로27길
448,구로구,개봉2동,1000610,개봉로17길
449,구로구,개봉2동,1000611,개봉로17다길
450,구로구,개봉2동,1000613,개봉로20길
451,구로구,개봉2동,1000639,남부순환로97길
452,구로구,개봉2동,1001421,개봉중앙시장
453,구로구,개봉3동,1000609,개봉로11길
454,구로구,개봉3동,1000612,개봉로1길
455,구로구,개봉3동,1000615,개봉로2길
456,구로구,개봉3동,1000616,개봉로3길
457,구로구,개봉3동,1001049,개봉동 현대아파트 인근
458,구로구,고척1동,1000620,경인로47길
459,구로구,고척1동,1000624,고척로52길
460,구로구,고척1동,1000653,중앙로1길
461,구로구,고척2동,1000623,고척로27다길
462,구로구,고척2동,1000652,중앙로15길
463,구로구,고척2동,1001420,고척근린시장
464,구로구,구로2동,1000626,구로동로15길
465,구로구,구로2동,1000627,구로동로28길
466,구로구,구로2동,1000628,구로동로38길
467,구로구,구로2동,1000629,구로동로41길
468,구로구,구로2동,1000630,구로동로42길
469,구로구,구로2동,1000633,구로중앙로19길
470,구로구,구로3동,1000640,도림로12길
471,구로구,구로3동,1000643,디지털로32가길
472,구로구,구로3동,1000644,디지털로32길
473,구로구,구로3동,1001038,구로디지탈1단지
474,구로구,구로4동,1000632,구로동로8길
475,구로구,구로4동,1000637,구로중앙로7길
476,구로구,구로4동,1000638,구로중앙로8길
477,구로구,구로4동,1001064,대림역_1
478,구로구,구로4동,1001418,남구로시장
479,구로구,구로5동,1000625,공원로6가길
480,구로구,구로5동,1000634,구로중앙로28길
481,구로구,구로5동,1000635,구로중앙로34길
482,구로구,구로5동,1000648,새말로18길
483,구로구,구로5동,1001074,대림역_2
484,구로구,구로5동,1001076,구로역
485,구로구,수궁동,1000645,부일로11길
486,구로구,수궁동,1000646,부일로15길
487,구로구,수궁동,1000647,부일로1길
488,구로구,신도림동,1000636,구로중앙로42길
489,구로구,신도림동,1000649,신도림로13길
490,구로구,신도림동,1001096,신도림역
491,구로구,오류1동,1000617,경인로15길
492,구로구,오류1동,1001067,오류동역
493,구로구,오류1동,1001422,오류시장
494,구로구,오류2동,1000650,오류로8길
495,금천구,가산동,1000655,가산로5길
496,금천구,가산동,1000659,남부순환로112길
497,금천구,가산동,1000670,벚꽃로56길
498,금천구,가산동,1000675,시흥대로153길
499,금천구,가산동,1001021,가산디지털단지역_1
500,금천구,가산동,1001023,가산디지털단지역_2
501,금천구,가산동,1001027,가산디지털단지역_3
502,금천구,독산1동,1000654,가산로3길
503,금천구,독산1동,1000657,금하로1길
504,금천구,독산1동,1000668,범안로11길
505,금천구,독산1동,1000669,범안로17길
506,금천구,독산1동,1000673,시흥대로141길
507,금천구,독산1동,1001015,서울 금천구 독산1동_1
508,금천구,독산1동,1001423,독산동 우시장
509,금천구,독산2동,1000663,독산로64길
510,금천구,독산2동,1000681,시흥대로84길
511,금천구,독산2동,1000682,시흥대로94길
512,금천구,독산3동,1000660,독산로108길
513,금천구,독산3동,1000666,독산로85길
514,금천구,독산3동,1000667,문성로5길
515,금천구,독산3동,1000672,시흥대로138길
516,금천구,독산3동,1000674,시흥대로150길
517,금천구,독산3동,1001424,남문시장
518,금천구,독산3동,1001425,푸른터시장
519,금천구,독산4동,1000664,독산로70길
520,금천구,독산4동,1000665,독산로78다길
521,금천구,독산4동,1000671,시흥대로120길
522,금천구,시흥1동,1000656,금하로14길
523,금천구,시흥1동,1000678,시흥대로62가길
524,금천구,시흥1동,1000679,시흥대로63길
525,금천구,시흥1동,1000680,시흥대로68길
526,금천구,시흥1동,1001011,서울 금천구 시흥1동_4
527,금천구,시흥1동,1001427,현대시장
528,금천구,시흥3동,1000676,시흥대로22길
529,금천구,시흥3동,1000677,시흥대로36길
530,금천구,시흥3동,1001428,박미시장
531,금천구,시흥4동,1000661,독산로40길
532,금천구,시흥4동,1000662,독산로50길
533,금천구,시흥5동,1000658,금하로24길
534,금천구,시흥5동,1001429,은행나무시장
535,노원구,공릉1동,1000379,동일로173가길
536,노원구,공릉1동,1000380,동일로192길
537,노원구,공릉1동,1001365,공릉동도깨비시장
538,노원구,상계1동,1000381,동일로242길
539,노원구,상계2동,1000382,상계로12길
540,노원구,상계2동,1000383,상계로1길
541,노원구,상계2동,1000384,상계로9가길
542,노원구,상계2동,1001263,서울 노원구 노원역_3
543,노원구,상계5동,1000387,한글비석로24길
544,노원구,상계5동,1000388,한글비석로44길
545,노원구,상계5동,1001367,상계중앙시장
546,노원구,상계6.7동,1001261,서울 노원구 노원역_1
547,노원구,상계6.7동,1001262,서울 노원구 노원역_2
548,노원구,월계1동,1000385,석계로1길
549,노원구,중계2.3동,1001258,등나무근린공원 주변
550,노원구,중계4동,1000386,한글비석로22길
551,노원구,하계1동,1000378,공릉로58길
552,도봉구,도봉1동,1000365,도봉로169나길
553,도봉구,도봉1동,1000366,도봉로181길
554,도봉구,도봉1동,1000367,도봉산4길
555,도봉구,도봉1동,1000368,도봉산길
556,도봉구,도봉1동,1000374,시루봉로23길
557,도봉구,도봉1동,1001361,신도봉시장
558,도봉구,도봉2동,1000363,도봉로152가길
559,도봉구,도봉2동,1000364,도봉로156길
560,도봉구,방학1동,1000357,도당로19길
561,도봉구,방학1동,1000358,도당로29길
562,도봉구,방학1동,1000361,도봉로143길
563,도봉구,방학1동,1000362,도봉로147길
564,도봉구,방학1동,1000372,방학로6가길
565,도봉구,방학2동,1000355,도당로13가길
566,도봉구,방학2동,1000356,도당로13바길
567,도봉구,방학2동,1000369,방학로10길
568,도봉구,방학2동,1001364,방학동도깨비시장
569,도봉구,방학3동,1000370,방학로15길
570,도봉구,쌍문1동,1000373,삼양로144길
571,도봉구,쌍문1동,1000375,우이천로32길
572,도봉구,쌍문1동,1001362,백운시장
573,도봉구,쌍문2동,1000371,방학로5길
574,도봉구,쌍문3동,1000352,노해로60길
575,도봉구,쌍문3동,1000359,도봉로109길
576,도봉구,쌍문3동,1001363,쌍문역골목시장
577,도봉구,창1동,1000360,도봉로114길
578,도봉구,창2동,1001359,창동신창시장
579,도봉구,창3동,1000354,덕릉로60길
580,도봉구,창3동,1000376,우이천로4다길
581,도봉구,창3동,1001360,창동골목시장
582,도봉구,창4동,1001260,창동역
583,도봉구,창5동,1000353,노해로63다길
584,도봉구,창5동,1000377,해등로16길
585,동대문구,답십리1동,1000186,사가정로2길
586,동대문구,답십리1동,1000204,전농로3길
587,동대문구,답십리1동,1001322,동부시장
588,동대문구,답십리2동,1000172,답십리로56길
589,동대문구,답십리2동,1000173,답십리로60길
590,동대문구,답십리2동,1000205,전농로4길
591,동대문구,답십리2동,1001321,답십리현대시장
592,동대문구,답십리2동,1001323,답십리시장
593,동대문구,용신동,1000170,난계로30길
594,동대문구,용신동,1000182,무학로16길
595,동대문구,용신동,1000183,무학로45길
596,동대문구,용신동,1000191,왕산로32길
597,동대문구,용신동,1000209,천호대로12길
598,동대문구,용신동,1000210,천호대로17길
599,동대문구,용신동,1000211,천호대로45길
600,동대문구,용신동,1001224,서울 동대문구 신설동역_1
601,동대문구,용신동,1001231,서울 동대문구 신설동역_2
602,동대문구,용신동,1001313,청량리수산시장
603,동대문구,이문1동,1000208,천장산로7길
604,동대문구,이문1동,1000219,휘경로23길
605,동대문구,이문1동,1000220,휘경로2길
606,동대문구,이문1동,1000221,휘경로3길
607,동대문구,이문2동,1000194,이문로42길
608,동대문구,이문2동,1001328,이문제일시장
609,동대문구,장안1동,1000175,답십리로64길
610,동대문구,장안1동,1000176,답십리로68길
611,동대문구,장안1동,1000178,답십리로72길
612,동대문구,장안1동,1000195,장한로14길
613,동대문구,장안1동,1000196,장한로25길
614,동대문구,장안1동,1000198,장한로26길
615,동대문구,장안1동,1000201,장한로5길
616,동대문구,장안1동,1000202,장한로8길
617,동대문구,장안1동,1000212,천호대로77길
618,동대문구,장안1동,1000213,천호대로97길
619,동대문구,장안1동,1000214,한천로14길
620,동대문구,장안1동,1001193,장한평역_1
621,동대문구,장안1동,1001197,장한평역_2
622,동대문구,장안2동,1000174,답십리로63길
623,동대문구,장안2동,1000177,답십리로69길
624,동대문구,장안2동,1000185,사가정로23가길
625,동대문구,장안2동,1000197,장한로26가길
626,동대문구,장안2동,1000199,장한로27가길
627,동대문구,장안2동,1000200,장한로27길
628,동대문구,장안2동,1000216,한천로40길
629,동대문구,장안2동,1000217,한천로46길
630,동대문구,장안2동,1001221,장안동사거리
631,동대문구,장안2동,1001324,전곡시장
632,동대문구,전농1동,1000171,답십리로23길
633,동대문구,전농1동,1000187,서울시립대로16길
634,동대문구,전농1동,1000188,서울시립대로29길
635,동대문구,전농1동,1000189,서울시립대로4길
636,동대문구,전농1동,1000203,전농로29길
637,동대문구,전농1동,1001238,서울 동대문구 청량리역
638,동대문구,전농1동,1001320,전농로터리시장
639,동대문구,전농2동,1000184,사가정로13길
640,동대문구,전농2동,1000215,한천로33길
641,동대문구,제기동,1000190,약령시로17길
642,동대문구,제기동,1000192,왕산로33길
643,동대문구,제기동,1000207,제기로5길
644,동대문구,제기동,1001314,경동시장
645,동대문구,제기동,1001316,서울약령시장
646,동대문구,제기동,1001318,청량리전통시장
647,동대문구,제기동,1001319,청량리종합시장
648,동대문구,제기동,1001325,청량리청과물시장
649,동대문구,청량리동,1000193,왕산로43길
650,동대문구,청량리동,1000206,제기로21길
651,동대문구,회기동,1000168,경희대로3길
652,동대문구,회기동,1000169,경희대로4길
653,동대문구,회기동,1001244,경희대학교
654,동대문구,회기동,1001326,회기시장
655,동대문구,휘경1동,1000181,망우로21길
656,동대문구,휘경1동,1000218,휘경로14길
657,동대문구,휘경1동,1001327,이경시장
658,동대문구,휘경2동,1000179,망우로18가길
659,동대문구,휘경2동,1000180,망우로18길
660,동작구,노량진1동,1000745,만양로14길
661,동작구,노량진1동,1000746,만양로8길
662,동작구,노량진1동,1001105,서울 동작구 노량진역
663,동작구,노량진1동,1001113,서울 동작구 노량진1동_1
664,동작구,노량진1동,1001440,노량진중앙시장
665,동작구,노량진1동,1001441,본동인정시장
666,동작구,노량진2동,1000736,노량진로6길
667,동작구,노량진2동,1000776,장승배기로19길
668,동작구,노량진2동,1000777,장승배기로27길
669,동작구,노량진2동,1001442,신노량진시장
670,동작구,대방동,1000737,대방동27길
671,동작구,대방동,1000738,대방동2길
672,동작구,대방동,1000744,등용로14길
673,동작구,대방동,1000773,여의대방로24길
674,동작구,대방동,1000774,여의대방로46길
675,동작구,사당1동,1000739,동작대로17길
676,동작구,사당1동,1000743,동작대로7길
677,동작구,사당1동,1000749,사당로20길
678,동작구,사당1동,1000752,사당로26길
679,동작구,사당1동,1000755,사당로30길
680,동작구,사당1동,1001022,관악구 사당역_2
681,동작구,사당2동,1000740,동작대로29길
682,동작구,사당2동,1000741,동작대로33길
683,동작구,사당2동,1000742,동작대로35길
684,동작구,사당2동,1001045,동작구 총신대입구역_1
685,동작구,사당2동,1001449,남성사계시장
686,동작구,사당3동,1000750,사당로23길
687,동작구,사당3동,1000751,사당로23나길
688,동작구,사당3동,1000753,사당로29길
689,동작구,사당4동,1000747,사당로16가길
690,동작구,사당4동,1000748,사당로16길
691,동작구,사당4동,1001450,남성역골목시장
692,동작구,사당4동,1001451,사당시장
693,동작구,사당5동,1000754,사당로2차길
694,동작구,사당5동,1000756,사당로8길
695,동작구,상도1동,1000758,상도로37길
696,동작구,상도1동,1000759,상도로47길
697,동작구,상도1동,1000760,상도로61길
698,동작구,상도1동,1000761,상도로62길
699,동작구,상도1동,1001444,상도전통시장
700,동작구,상도2동,1000757,상도로15길
701,동작구,상도2동,1000775,장승배기로10길
702,동작구,상도2동,1001445,영도시장
703,동작구,상도3동,1000733,국사봉1길
704,동작구,상도3동,1000735,국사봉길
705,동작구,상도3동,1001072,신대방삼거리역
706,동작구,상도3동,1001446,성대시장
707,동작구,상도4동,1000766,성대로1길
708,동작구,상도4동,1000767,성대로29길
709,동작구,상도4동,1000769,양녕로26길
710,동작구,상도4동,1001447,상도4동도깨비골목시장
711,동작구,신대방1동,1000768,신대방길
712,동작구,신대방2동,1000734,국사봉2길
713,동작구,신대방2동,1000770,여의대방로22길
714,동작구,신대방2동,1000771,여의대방로22나길
715,동작구,신대방2동,1000772,여의대방로22카길
716,동작구,신대방2동,1001051,보라매공원
717,동작구,흑석동,1000762,서달로10길
718,동작구,흑석동,1000763,서달로14길
719,동작구,흑석동,1000764,서달로15길
720,동작구,흑석동,1000765,서달로8가길
721,동작구,흑석동,1000778,흑석로13길
722,동작구,흑석동,1000779,흑석로9길
723,동작구,흑석동,1001448,흑석시장
724,마포구,공덕동,1000472,마포대로20길
725,마포구,공덕동,1000474,만리재옛길
726,마포구,공덕동,1000506,효창원로93길
727,마포구,공덕동,1001167,서울 마포구 공덕역_1
728,마포구,대흥동,1000459,대흥로21길
729,마포구,대흥동,1000480,백범로16길
730,마포구,대흥동,1001180,신촌역
731,마포구,도화동,1000461,도화4길
732,마포구,도화동,1000462,도화길
733,마포구,도화동,1000473,마포대로4길
734,마포구,도화동,1001164,서울 마포구 마포역_1
735,마포구,망원1동,1000476,망원로2길
736,마포구,망원1동,1000498,월드컵로11길
737,마포구,망원1동,1000500,월드컵로19길
738,마포구,망원1동,1001390,망원시장
739,마포구,망원2동,1000475,망원로11길
740,마포구,망원2동,1000479,방울내로9안길
741,마포구,망원2동,1000501,월드컵로25길
742,마포구,망원2동,1001391,망원월드컵시장
743,마포구,상암동,1000477,매봉산로2길
744,마포구,상암동,1001239,디지털미디어시티
745,마포구,서강동,1000463,독막로22길
746,마포구,서강동,1000496,와우산로3길
747,마포구,서교동,1000466,동교로17길
748,마포구,서교동,1000467,동교로19길
749,마포구,서교동,1000488,신촌로12길
750,마포구,서교동,1000491,양화로11길
751,마포구,서교동,1000494,와우산로29가길
752,마포구,서교동,1000495,와우산로29길
753,마포구,서교동,1000497,월드컵로10길
754,마포구,서교동,1000499,월드컵로16길
755,마포구,서교동,1000504,월드컵로8길
756,마포구,서교동,1001178,서울 마포구 홍대입구역_1
757,마포구,서교동,1001182,홍익대학교 주변
758,마포구,서교동,1001183,서울 마포구 홍대입구역_2
759,마포구,서교동,1001184,서울 마포구 홍대입구역_3
760,마포구,성산1동,1000481,성미산로11길
761,마포구,성산1동,1000482,성미산로1길
762,마포구,성산1동,1000484,성산로4길
763,마포구,성산2동,1000478,모래내로7길
764,마포구,성산2동,1000502,월드컵로36길
765,마포구,성산2동,1001393,마포농수산물시장
766,마포구,신수동,1000458,광성로6길
767,마포구,신수동,1000464,독막로32길
768,마포구,신수동,1001386,신수시장
769,마포구,아현동,1000471,마포대로12길
770,마포구,아현동,1000489,신촌로28가길
771,마포구,아현동,1000490,신촌로30길
772,마포구,아현동,1001170,공덕역
773,마포구,아현동,1001171,서울 마포구 공덕역_2
774,마포구,아현동,1001383,공덕시장
775,마포구,아현동,1001384,마포시장
776,마포구,아현동,1001385,아현시장
777,마포구,연남동,1000468,동교로25길
778,마포구,연남동,1000469,동교로27길
779,마포구,연남동,1000470,동교로38길
780,마포구,연남동,1000483,성미산로32길
781,마포구,연남동,1001392,동진시장
782,마포구,염리동,1000460,대흥로28길
783,마포구,염리동,1000486,숭문8길
784,마포구,염리동,1000487,숭문길
785,마포구,용강동,1000505,토정로37길
786,마포구,용강동,1001166,서울 마포구 마포역_2
787,마포구,합정동,1000465,독막로8길
788,마포구,합정동,1000485,성지3길
789,마포구,합정동,1000492,양화로1길
790,마포구,합정동,1000493,양화진길
791,마포구,합정동,1000503,월드컵로7길
792,서대문구,남가좌1동,1000438,모래내로15길
793,서대문구,남가좌1동,1001381,모래내시장
794,서대문구,남가좌2동,1000435,가재울로6길
795,서대문구,남가좌2동,1000437,명지대길
796,서대문구,남가좌2동,1000447,증가로10길
797,서대문구,북가좌1동,1000443,수색로8길
798,서대문구,북가좌2동,1000446,응암로1길
799,서대문구,북가좌2동,1000448,증가로20가길
800,서대문구,북가좌2동,1000449,증가로23나길
801,서대문구,북아현동,1000439,북아현로4길
802,서대문구,북아현동,1000444,신촌로37길
803,서대문구,북아현동,1001378,아현가구거리상점가
804,서대문구,신촌동,1001185,서울 서대문구 신촌역
805,서대문구,신촌동,1001186,서울 서대문구 이대역
806,서대문구,연희동,1000445,연희로10길
807,서대문구,연희동,1000456,홍연길
808,서대문구,천연동,1000436,독립문로8길
809,서대문구,천연동,1000453,통일로11길
810,서대문구,천연동,1001377,영천시장
811,서대문구,충현동,1000451,충정로4길
812,서대문구,충현동,1000452,충정로6길
813,서대문구,충현동,1001206,서대문구 서대문역_2
814,서대문구,홍은1동,1000440,세검정로1길
815,서대문구,홍은1동,1001380,포방터시장
816,서대문구,홍은2동,1000450,증가로6길
817,서대문구,홍제1동,1000454,통일로37길
818,서대문구,홍제1동,1000455,통일로39길
819,서대문구,홍제1동,1000457,홍제내길
820,서대문구,홍제2동,1000441,세무서2길
821,서대문구,홍제3동,1000442,세무서길
822,서대문구,홍제3동,1001379,인왕시장
823,서초구,반포1동,1000868,사평대로57길
824,서초구,반포1동,1000877,주흥15길
825,서초구,반포1동,1000878,주흥길
826,서초구,반포1동,1001092,강남구 논현역_1
827,서초구,반포4동,1000847,고무래로8길
828,서초구,반포4동,1000855,동광로39길
829,서초구,반포4동,1000866,사평대로22길
830,서초구,반포4동,1000867,사평대로26길
831,서초구,반포4동,1001086,고속터미널역
832,서초구,방배1동,1000862,방배로18길
833,서초구,방배1동,1000880,효령로23길
834,서초구,방배1동,1000881,효령로31길
835,서초구,방배1동,1001034,서울 서초구 방배역
836,서초구,방배2동,1000858,방배천로4안길
837,서초구,방배2동,1000872,서초대로4길
838,서초구,방배2동,1000874,서초대로8길
839,서초구,방배2동,1000879,청두곶길
840,서초구,방배2동,1001024,관악구 사당역_1
841,서초구,방배3동,1000882,효령로34길
842,서초구,방배4동,1000853,동광로12길
843,서초구,방배4동,1000869,서초대로15길
844,서초구,방배4동,1000870,서초대로23길
845,서초구,방배4동,1000871,서초대로25길
846,서초구,방배4동,1001043,동작구 총신대입구역_2
847,서초구,방배본동,1000854,동광로1길
848,서초구,방배본동,1000863,방배로35길
849,서초구,방배본동,1000864,방배로42길
850,서초구,방배본동,1000884,방배중앙로21길
851,서초구,방배본동,1001061,방배동카페골목
852,서초구,방배본동,1001468,남부종합시장
853,서초구,서초1동,1000850,남부순환로339길
854,서초구,서초1동,1000865,사임당로17길
855,서초구,서초1동,1000873,서초대로64길
856,서초구,서초1동,1000885,서초중앙로8길
857,서초구,서초1동,1001033,서울 서초구 남부터미널역_1
858,서초구,서초1동,1001042,서울 서초구 남부터미널역_3
859,서초구,서초1동,1001057,교대역_2
860,서초구,서초2동,1000883,효령로72길
861,서초구,서초2동,1001044,양재역_3
862,서초구,서초2동,1001048,뱅뱅사거리
863,서초구,서초2동,1001062,서울 강남구 강남역_1
864,서초구,서초3동,1000848,남부순환로317길
865,서초구,서초3동,1000849,남부순환로325길
866,서초구,서초3동,1000861,반포대로9길
867,서초구,서초3동,1001039,서울 서초구 남부터미널역_2
868,서초구,서초3동,1001050,교대역_1
869,서초구,서초3동,1001055,서울 서초구 서초역
870,서초구,서초3동,1001059,교대역_3
871,서초구,서초4동,1001063,교대역_4
872,서초구,서초4동,1001078,서울 강남구 강남역_2
873,서초구,양재1동,1000844,강남대로23길
874,서초구,양재1동,1000845,강남대로34길
875,서초구,양재1동,1000852,논현로27길
876,서초구,양재1동,1000860,바우뫼로39길
877,서초구,양재1동,1001029,양재역_1
878,서초구,양재1동,1001030,양재역_2
879,서초구,양재1동,1001469,양재시장
880,서초구,양재2동,1000846,강남대로8길
881,서초구,양재2동,1000851,논현로1길
882,서초구,양재2동,1000856,동산로10길
883,서초구,양재2동,1000857,동산로19길
884,서초구,양재2동,1000859,마방로2길
885,서초구,양재2동,1000876,언남길
886,서초구,양재2동,1001012,양재 화물트럭터미널앞_1
887,서초구,양재2동,1001013,양재 화물트럭터미널앞_2
888,서초구,양재2동,1001014,양재동 꽃시장
889,서초구,양재2동,1001018,포이사거리_2
890,서초구,잠원동,1000875,신반포로45길
891,서초구,잠원동,1001109,강남구 논현역_4
892,서초구,잠원동,1001114,강남구 신사역_1
893,성동구,금호2.3가동,1000089,금호산2길
894,성동구,금호2.3가동,1000090,금호산길
895,성동구,금호2.3가동,1000098,무수막길
896,성동구,금호2.3가동,1000123,장터길
897,성동구,금호2.3가동,1001296,금남시장
898,성동구,마장동,1000093,마장로27길
899,성동구,마장동,1000094,마장로39길
900,성동구,마장동,1000095,마조로16길
901,성동구,마장동,1000124,청계천로10나길
902,성동구,마장동,1001294,마장축산물시장
903,성동구,사근동,1000096,마조로1길
904,성동구,사근동,1000102,사근동길
905,성동구,사근동,1001187,한양시장
906,성동구,성수1가1동,1000091,둘레9길
907,성동구,성수1가1동,1000107,성덕정길
908,성동구,성수1가2동,1000103,상원12길
909,성동구,성수1가2동,1000104,상원길
910,성동구,성수1가2동,1000105,서울숲2길
911,성동구,성수1가2동,1000116,왕십리로14길
912,성동구,성수1가2동,1000120,왕십리로6길
913,성동구,성수2가1동,1000092,뚝섬로5길
914,성동구,성수2가1동,1000106,성덕정17길
915,성동구,성수2가1동,1001297,뚝도시장
916,성동구,성수2가3동,1000108,성수이로18길
917,성동구,성수2가3동,1000109,성수이로7길
918,성동구,성수2가3동,1000110,성수일로6길
919,성동구,성수2가3동,1000113,아차산로11길
920,성동구,성수2가3동,1000114,아차산로15길
921,성동구,성수2가3동,1000115,아차산로5길
922,성동구,송정동,1000111,송정12라길
923,성동구,송정동,1000112,송정4가길
924,성동구,옥수동,1000097,매봉길
925,성동구,옥수동,1000125,한림말3길
926,성동구,옥수동,1000126,한림말길
927,성동구,왕십리2동,1000100,무학봉28길
928,성동구,왕십리2동,1000101,무학봉길
929,성동구,왕십리2동,1000119,왕십리로31길
930,성동구,왕십리도선동,1000099,무학로6길
931,성동구,왕십리도선동,1000118,왕십리로26길
932,성동구,왕십리도선동,1001195,왕십리역_2
933,성동구,용답동,1000121,용답29길
934,성동구,용답동,1000122,용답중앙길
935,성동구,용답동,1001190,장한평역
936,성동구,용답동,1001298,성동용답상가시장
937,성동구,행당1동,1000088,고산자로6길
938,성동구,행당1동,1000117,왕십리로21길
939,성동구,행당1동,1001191,왕십리역_1
940,성동구,행당1동,1001295,행당시장
941,성북구,길음1동,1000261,길음로7길
942,성북구,길음1동,1001341,길음시장
943,성북구,길음2동,1000281,삼양로8길
944,성북구,길음2동,1001247,미아사거리_2
945,성북구,동선동,1000268,동소문로13길
946,성북구,동선동,1000269,동소문로15길
947,성북구,동선동,1000270,동소문로26가길
948,성북구,동선동,1000277,보문로32길
949,성북구,동선동,1000284,아리랑로4길
950,성북구,동선동,1001245,서울 성북구 성신여대입구역
951,성북구,보문동,1000274,보문로13길
952,성북구,보문동,1000290,인촌로1길
953,성북구,보문동,1000294,인촌로6길
954,성북구,보문동,1000305,지봉로20길
955,성북구,삼선동,1000271,동소문로2길
956,성북구,삼선동,1000272,동소문로6길
957,성북구,삼선동,1000276,보문로31길
958,성북구,삼선동,1000278,삼선교로10길
959,성북구,삼선동,1000279,삼선교로10다길
960,성북구,삼선동,1000280,삼선교로16가길
961,성북구,삼선동,1001338,돈암제일시장
962,성북구,석관동,1000262,돌곶이로14길
963,성북구,석관동,1000263,돌곶이로22길
964,성북구,석관동,1000267,돌곶이로8길
965,성북구,석관동,1000308,한천로76길
966,성북구,석관동,1000313,화랑로32길
967,성북구,석관동,1000314,화랑로40길
968,성북구,석관동,1001345,새석관시장
969,성북구,석관동,1001346,석관시장
970,성북구,석관동,1001347,석관황금시장
971,성북구,성북동,1000282,성북로8길
972,성북구,성북동,1000306,창경궁로43길
973,성북구,안암동,1000275,보문로26길
974,성북구,안암동,1000285,안암로5길
975,성북구,안암동,1000289,인촌로17가길
976,성북구,안암동,1000291,개운사길
977,성북구,안암동,1000292,인촌로24길
978,성북구,안암동,1000293,인촌로5길
979,성북구,안암동,1001243,서울 성북구 안암역
980,성북구,월곡1동,1000286,오패산로19길
981,성북구,월곡1동,1000287,오패산로3길
982,성북구,월곡1동,1000312,화랑로1길
983,성북구,월곡1동,1001246,미아사거리_1
984,성북구,월곡1동,1001342,밤나무골시장
985,성북구,월곡2동,1000288,오패산로4길
986,성북구,월곡2동,1000295,장월로1길
987,성북구,월곡2동,1000309,화랑로13길
988,성북구,월곡2동,1000310,화랑로14길
989,성북구,장위1동,1000266,돌곶이로41길
990,성북구,장위1동,1000307,한천로101가길
991,성북구,장위2동,1000264,돌곶이로27길
992,성북구,장위2동,1000265,돌곶이로28길
993,성북구,장위2동,1000311,화랑로19길
994,성북구,장위2동,1001343,장위전통시장
995,성북구,장위3동,1000296,장위로50길
996,성북구,장위3동,1001344,번동시장
997,성북구,정릉2동,1000297,정릉로26길
998,성북구,정릉2동,1000298,정릉로27길
999,성북구,정릉2동,1001339,정릉아리랑시장
1000,성북구,정릉3동,1000283,솔샘로6길
1001,성북구,정릉3동,1000299,정릉로8길
1002,성북구,정릉3동,1001340,정릉시장
1003,성북구,정릉4동,1000273,보국문로16길
1004,성북구,종암동,1000300,종암로16길
1005,성북구,종암동,1000301,종암로19길
1006,성북구,종암동,1000302,종암로21길
1007,성북구,종암동,1000303,종암로24가길
1008,성북구,종암동,1000304,종암로5길
1009,송파구,가락1동,1001060,가락시장
1010,송파구,가락2동,1000941,동남로20길
1011,송파구,가락2동,1000955,송이로23길
1012,송파구,가락2동,1000965,오금로46길
1013,송파구,가락본동,1000958,송파대로30길
1014,송파구,가락본동,1000959,양재대로62길
1015,송파구,가락본동,1000960,양재대로64길
1016,송파구,가락본동,1000964,오금로36길
1017,송파구,가락본동,1001056,서울 송파구 가락시장역
1018,송파구,마천2동,1000940,거마로20길
1019,송파구,마천2동,1000942,마천로51길
1020,송파구,마천2동,1001477,마천시장
1021,송파구,문정1동,1000956,송이로32길
1022,송파구,문정1동,1000957,송이로36길
1023,송파구,문정1동,1001036,문정역
1024,송파구,문정2동,1001020,장지역
1025,송파구,방이1동,1000961,양재대로71길
1026,송파구,방이2동,1000953,백제고분로50길
1027,송파구,방이2동,1000963,오금로11길
1028,송파구,방이2동,1001107,방이동 먹자골목
1029,송파구,방이2동,1001478,방이시장
1030,송파구,삼전동,1000943,백제고분로21길
1031,송파구,삼전동,1000944,백제고분로22길
1032,송파구,삼전동,1000945,백제고분로31길
1033,송파구,삼전동,1000946,백제고분로32길
1034,송파구,석촌동,1000947,백제고분로33길
1035,송파구,석촌동,1000948,백제고분로34길
1036,송파구,석촌동,1000949,백제고분로39길
1037,송파구,석촌동,1001079,석촌역
1038,송파구,석촌동,1001479,석촌시장
1039,송파구,송파1동,1000950,백제고분로42길
1040,송파구,송파1동,1000951,백제고분로45길
1041,송파구,송파1동,1000952,백제고분로46길
1042,송파구,송파1동,1001080,서울 송파구 석촌역_1
1043,송파구,송파1동,1001083,서울 송파구 석촌역_2
1044,송파구,오금동,1000962,양재대로72길
1045,송파구,오륜동,1001495,잠실 관광특구
1046,송파구,잠실3동,1001097,잠실역 롯데월드
1047,송파구,잠실6동,1001110,잠실역
1048,송파구,잠실본동,1000954,삼전로13길
1049,송파구,잠실본동,1001093,신천역
1050,송파구,잠실본동,1001480,새마을시장
1051,송파구,풍납1동,1000966,풍성로25길
1052,송파구,풍납1동,1001159,서울 강동구 천호역
1053,송파구,풍납1동,1001476,풍납시장
1054,양천구,목1동,1000519,목동동로12길
1055,양천구,목1동,1001136,오목교역
1056,양천구,목2동,1000524,목동중앙로13나길
1057,양천구,목2동,1000527,목동중앙북로16길
1058,양천구,목2동,1001394,목2동시장
1059,양천구,목3동,1000528,목동중앙북로8길
1060,양천구,목3동,1001174,등촌역
1061,양천구,목3동,1001395,목3동시장
1062,양천구,목4동,1000523,목동중앙남로3가길
1063,양천구,목4동,1000525,목동중앙로3길
1064,양천구,목4동,1000526,목동중앙본로7길
1065,양천구,목4동,1000529,목동중앙서로7길
1066,양천구,목4동,1000530,목동중앙서로8가길
1067,양천구,목4동,1001148,목동사거리
1068,양천구,신월1동,1000508,곰달래로10길
1069,양천구,신월1동,1000509,곰달래로2길
1070,양천구,신월1동,1000510,곰달래로3길
1071,양천구,신월1동,1000511,곰달래로5길
1072,양천구,신월1동,1001397,신영시장
1073,양천구,신월1동,1001398,월정로시장
1074,양천구,신월2동,1000547,중앙로51길
1075,양천구,신월2동,1000548,중앙로55길
1076,양천구,신월2동,1001399,경창시장
1077,양천구,신월3동,1000507,가로공원로58길
1078,양천구,신월3동,1000513,남부순환로40길
1079,양천구,신월3동,1000514,남부순환로58길
1080,양천구,신월3동,1001400,신월3동골목시장
1081,양천구,신월4동,1000534,신월로15길
1082,양천구,신월4동,1000538,오목로3길
1083,양천구,신월4동,1000539,오목로5길
1084,양천구,신월5동,1000512,남부순환로33길
1085,양천구,신월5동,1000550,화곡로3길
1086,양천구,신월5동,1000551,화곡로4길
1087,양천구,신월5동,1000603,화곡로13길
1088,양천구,신월6동,1000516,남부순환로79길
1089,양천구,신월6동,1000535,신월로20길
1090,양천구,신월6동,1001402,신월6동골목시장
1091,양천구,신월7동,1000515,남부순환로70길
1092,양천구,신월7동,1000549,지양로7길
1093,양천구,신월7동,1001403,신월7동골목시장
1094,양천구,신정1동,1000540,은행정로5길
1095,양천구,신정1동,1000543,중앙로32길
1096,양천구,신정1동,1000544,중앙로36길
1097,양천구,신정1동,1001404,신정제일시장
1098,양천구,신정2동,1000520,목동동로8길
1099,양천구,신정2동,1000531,신목로2길
1100,양천구,신정2동,1000532,신목로5길
1101,양천구,신정2동,1000533,신목로6길
1102,양천구,신정3동,1000517,남부순환로88길
1103,양천구,신정3동,1000542,중앙로25길
1104,양천구,신정3동,1000545,중앙로45길
1105,양천구,신정3동,1000546,중앙로47길
1106,양천구,신정3동,1001406,신정3동골목시장
1107,양천구,신정4동,1000521,목동로19길
1108,양천구,신정4동,1000522,목동로9길
1109,양천구,신정4동,1000536,오목로23길
1110,양천구,신정4동,1000537,오목로30길
1111,양천구,신정4동,1000541,은행정로7길
1112,양천구,신정4동,1001126,서울 양천구 신정네거리역_2
1113,양천구,신정7동,1000518,목동남로4길
1114,영등포구,당산1동,1000688,당산로31길
1115,영등포구,당산1동,1000726,영등포로25길
1116,영등포구,당산1동,1000727,영등포로27길
1117,영등포구,당산1동,1001132,영등포유통상가
1118,영등포구,당산1동,1001139,서울 영등포구 영등포구청역
1119,영등포구,당산1동,1001431,영등포청과시장
1120,영등포구,당산2동,1000689,당산로37길
1121,영등포구,당산2동,1000690,당산로38길
1122,영등포구,당산2동,1000691,당산로46길
1123,영등포구,당산2동,1001158,당산역_2
1124,영등포구,대림1동,1000692,대림로22길
1125,영등포구,대림1동,1000698,대림로8길
1126,영등포구,대림1동,1000709,디지털로74길
1127,영등포구,대림2동,1000697,대림로7길
1128,영등포구,대림2동,1000702,도림천로21길
1129,영등포구,대림2동,1000707,디지털로37길
1130,영등포구,대림2동,1000708,디지털로57길
1131,영등포구,대림3동,1000693,대림로29길
1132,영등포구,대림3동,1000694,대림로31길
1133,영등포구,대림3동,1000695,대림로34길
1134,영등포구,대림3동,1000696,대림로44길
1135,영등포구,도림동,1000699,도림로112길
1136,영등포구,도림동,1000703,도신로15길
1137,영등포구,도림동,1000704,도신로29길
1138,영등포구,문래동,1000684,경인로77길
1139,영등포구,문래동,1000685,경인로80길
1140,영등포구,문래동,1000686,경인로90길
1141,영등포구,문래동,1000700,도림로147길
1142,영등포구,문래동,1001118,문래동 주민센터
1143,영등포구,문래동,1001433,영일시장
1144,영등포구,신길1동,1000705,도신로60길
1145,영등포구,신길1동,1000706,도신로62길
1146,영등포구,신길1동,1000716,신길로42가길
1147,영등포구,신길1동,1000725,여의대방로61길
1148,영등포구,신길1동,1000730,영등포로80길
1149,영등포구,신길1동,1000731,영등포로84길
1150,영등포구,신길3동,1000683,가마산로61길
1151,영등포구,신길3동,1000715,신길로39길
1152,영등포구,신길3동,1001436,사러가시장
1153,영등포구,신길4동,1000717,신길로42길
1154,영등포구,신길5동,1000701,도림로63길
1155,영등포구,신길5동,1000714,신길로17길
1156,영등포구,신길6동,1000722,여의대방로35길
1157,영등포구,신길6동,1001437,영진시장A동
1158,영등포구,신길7동,1000723,여의대방로39길
1159,영등포구,신길7동,1000724,여의대방로43나길
1160,영등포구,양평1동,1000711,선유서로24길
1161,영등포구,양평1동,1000712,선유서로25길
1162,영등포구,양평1동,1000713,선유서로28길
1163,영등포구,양평2동,1000710,선유로55길
1164,영등포구,양평2동,1000719,양평로19길
1165,영등포구,양평2동,1000720,양평로22라길
1166,영등포구,양평2동,1000721,양평로28길
1167,영등포구,양평2동,1001153,당산역_1
1168,영등포구,여의동,1001122,여의도 시범아파트앞
1169,영등포구,여의동,1001127,서울 영등포구 여의도역_1
1170,영등포구,여의동,1001134,서울 영등포구 여의도역_2
1171,영등포구,여의동,1001142,국회의사당역_1
1172,영등포구,여의동,1001144,국회의사당역_2
1173,영등포구,영등포동,1000687,국회대로56길
1174,영등포구,영등포동,1000728,영등포로35길
1175,영등포구,영등포동,1001116,영등포역_1
1176,영등포구,영등포동,1001119,영등포역_2
1177,영등포구,영등포동,1001121,영등포역_3
1178,영등포구,영등포동,1001124,서울 영등포구 영등포시장역
1179,영등포구,영등포동,1001430,영등포전통시장
1180,영등포구,영등포본동,1000718,신길로60길
1181,영등포구,영등포본동,1000729,영등포로62길
1182,영등포구,영등포본동,1000732,영신로9길
1183,용산구,남영동,1000056,두텁바위로1길
1184,용산구,남영동,1000077,한강대로104길
1185,용산구,남영동,1000083,한강대로88길
1186,용산구,남영동,1001168,남영역
1187,용산구,보광동,1000062,우사단로10길
1188,용산구,보광동,1000064,우사단로4길
1189,용산구,보광동,1000072,장문로45길
1190,용산구,보광동,1001293,보광시장
1191,용산구,서빙고동,1000050,녹사평대로11길
1192,용산구,서빙고동,1000059,서빙고로71길
1193,용산구,용문동,1000067,원효로53길
1194,용산구,용문동,1000086,효창원로39길
1195,용산구,용문동,1001289,용문전통시장
1196,용산구,용산2가동,1000060,소월로20길
1197,용산구,용산2가동,1001169,서울 용산구 숙대입구역
1198,용산구,원효로1동,1000058,백범로90길
1199,용산구,원효로1동,1000068,원효로89길
1200,용산구,원효로1동,1001154,용산 전자상가_4
1201,용산구,원효로1동,1001155,용산 전자상가_5
1202,용산구,원효로2동,1000065,원효로19길
1203,용산구,원효로2동,1000066,원효로41길
1204,용산구,원효로2동,1001151,용산 전자상가_3
1205,용산구,이촌1동,1001290,이촌종합시장
1206,용산구,이촌2동,1000069,이촌로22길
1207,용산구,이태원1동,1000051,녹사평대로26길
1208,용산구,이태원1동,1000052,녹사평대로32길
1209,용산구,이태원1동,1000070,이태원로27길
1210,용산구,이태원1동,1001146,용산구청
1211,용산구,이태원1동,1001150,서울 용산구 이태원역
1212,용산구,이태원1동,1001291,이태원시장
1213,용산구,이태원1동,1001491,이태원 관광특구
1214,용산구,이태원2동,1000053,녹사평대로40나길
1215,용산구,이태원2동,1000054,녹사평대로46길
1216,용산구,이태원2동,1000085,회나무로13길
1217,용산구,이태원2동,1001292,이태원제일시장
1218,용산구,청파동,1000073,청파로47길
1219,용산구,청파동,1000074,청파로47나길
1220,용산구,청파동,1000075,청파로71길
1221,용산구,청파동,1000076,청파로73길
1222,용산구,청파동,1001288,만리시장
1223,용산구,한강로동,1000078,한강대로15길
1224,용산구,한강로동,1000079,한강대로43길
1225,용산구,한강로동,1000080,한강대로52길
1226,용산구,한강로동,1000081,한강대로62길
1227,용산구,한강로동,1000082,한강대로7길
1228,용산구,한강로동,1001143,서울 용산구 신용산역
1229,용산구,한강로동,1001145,용산 전자상가_1
1230,용산구,한강로동,1001147,용산 전자상가_2
1231,용산구,한남동,1000055,대사관로34길
1232,용산구,한남동,1000063,우사단로14길
1233,용산구,한남동,1000071,이태원로54길
1234,용산구,한남동,1000084,한남대로20길
1235,용산구,한남동,1001149,한남오거리
1236,용산구,효창동,1000057,백범로79길
1237,용산구,후암동,1000061,신흥로20길
1238,용산구,후암동,1000087,후암로28길
1239,용산구,후암동,1001286,후암시장
1240,은평구,갈현1동,1000392,갈현로41길
1241,은평구,갈현1동,1000406,연서로29길
1242,은평구,갈현1동,1000433,통일로87길
1243,은평구,갈현1동,1001254,서울 은평구 연신내역_2
1244,은평구,갈현1동,1001369,갈현시장
1245,은평구,갈현2동,1000391,갈현로33길
1246,은평구,갈현2동,1000402,연서로17길
1247,은평구,갈현2동,1000403,연서로21길
1248,은평구,갈현2동,1000404,연서로27길
1249,은평구,구산동,1000395,서오릉로21길
1250,은평구,구산동,1000399,연서로11길
1251,은평구,구산동,1000400,연서로13길
1252,은평구,녹번동,1000413,은평로13길
1253,은평구,녹번동,1000429,진흥로12길
1254,은평구,대조동,1000396,서오릉로8길
1255,은평구,대조동,1000398,역말로9길
1256,은평구,대조동,1000405,연서로28길
1257,은평구,대조동,1000431,통일로69길
1258,은평구,대조동,1001248,서울 은평구 불광역_1
1259,은평구,대조동,1001250,서울 은평구 불광역_3
1260,은평구,대조동,1001253,서울 은평구 연신내역_1
1261,은평구,대조동,1001371,대조시장
1262,은평구,불광1동,1001249,서울 은평구 불광역_2
1263,은평구,불광2동,1000407,연서로33길
1264,은평구,불광2동,1000408,연서로34길
1265,은평구,불광2동,1000410,연서로41길
1266,은평구,불광2동,1000432,통일로78길
1267,은평구,불광2동,1000434,통일로92길
1268,은평구,불광2동,1001255,서울 은평구 연신내역_3
1269,은평구,불광2동,1001368,연서시장
1270,은평구,수색동,1000397,수색로18길
1271,은평구,수색동,1001376,수일시장
1272,은평구,신사1동,1000390,갈현로1길
1273,은평구,신사1동,1000425,증산로21길
1274,은평구,신사2동,1000423,증산로15길
1275,은평구,신사2동,1000424,증산로17길
1276,은평구,역촌동,1000393,갈현로7길
1277,은평구,역촌동,1000401,연서로16길
1278,은평구,역촌동,1000409,연서로3길
1279,은평구,역촌동,1000411,연서로5길
1280,은평구,역촌동,1000415,은평로3길
1281,은평구,역촌동,1000430,진흥로1길
1282,은평구,응암1동,1000412,은평로10길
1283,은평구,응암1동,1000414,은평로20길
1284,은평구,응암1동,1000416,은평로8길
1285,은평구,응암1동,1000421,응암로34길
1286,은평구,응암1동,1001372,녹번시장
1287,은평구,응암2동,1001373,신응암시장
1288,은평구,응암3동,1000389,가좌로7길
1289,은평구,응암3동,1000394,불광천길
1290,은평구,응암3동,1000417,응암로12길
1291,은평구,응암3동,1000418,응암로13길
1292,은평구,응암3동,1000419,응암로14길
1293,은평구,응암3동,1000420,응암로22길
1294,은평구,응암3동,1001374,대림골목시장
1295,은평구,증산동,1000422,증산로13길
1296,은평구,증산동,1000426,증산로5길
1297,은평구,증산동,1000427,증산로9길
1298,은평구,증산동,1000428,증산서길
1299,은평구,증산동,1001375,증산종합시장
1300,종로구,가회동,1000001,계동길
1301,종로구,가회동,1000006,북촌로11길
1302,종로구,가회동,1001235,서울 종로구 안국역_1
1303,종로구,교남동,1000025,통일로12길
1304,종로구,교남동,1001212,서대문구 서대문역_1
1305,종로구,부암동,1000005,백석동길
1306,종로구,사직동,1000016,자하문로7길
1307,종로구,사직동,1000027,필운대로1길
1308,종로구,사직동,1001215,서울 종로구 광화문역_1
1309,종로구,사직동,1001223,서울 종로구 광화문역_2
1310,종로구,사직동,1001234,서울 종로구 경복궁역_1
1311,종로구,사직동,1001237,서울 종로구 경복궁역_2
1312,종로구,삼청동,1000007,북촌로5길
1313,종로구,삼청동,1000008,북촌로5나길
1314,종로구,삼청동,1000009,삼청로5길
1315,종로구,삼청동,1001236,서울 종로구 안국역_2
1316,종로구,숭인1동,1000020,지봉로8길
1317,종로구,숭인2동,1000002,난계로27길
1318,종로구,숭인2동,1000011,숭인동길
1319,종로구,숭인2동,1000018,종로58가길
1320,종로구,숭인2동,1000019,종로65길
1321,종로구,숭인2동,1001225,신설동역
1322,종로구,숭인2동,1001271,동묘시장
1323,종로구,숭인2동,1001272,신설종합시장
1324,종로구,이화동,1000015,이화장길
1325,종로구,이화동,1001240,혜화역 대학로_1
1326,종로구,종로1.2.3.4가동,1000003,돈화문로11가길
1327,종로구,종로1.2.3.4가동,1000013,율곡로10길
1328,종로구,종로1.2.3.4가동,1000017,종로24길
1329,종로구,종로1.2.3.4가동,1001213,종각역 젊음의 거리
1330,종로구,종로1.2.3.4가동,1001214,종각역
1331,종로구,종로1.2.3.4가동,1001216,서울 종로구 종로3가역_1
1332,종로구,종로1.2.3.4가동,1001227,종로구청
1333,종로구,종로1.2.3.4가동,1001229,서울 종로구 종로5가역_4
1334,종로구,종로1.2.3.4가동,1001230,인사동
1335,종로구,종로1.2.3.4가동,1001232,서울 종로구 종로3가역_2
1336,종로구,종로1.2.3.4가동,1001233,서울 종로구 종로3가역_3
1337,종로구,종로1.2.3.4가동,1001265,광장시장
1338,종로구,종로1.2.3.4가동,1001494,종로·청계 관광특구
1339,종로구,종로5.6가동,1000014,율곡로16길
1340,종로구,종로5.6가동,1001217,서울 종로구 종로5가역_1
1341,종로구,종로5.6가동,1001218,동대문시장_2
1342,종로구,종로5.6가동,1001226,서울 종로구 종로5가역_2
1343,종로구,종로5.6가동,1001228,서울 종로구 종로5가역_3
1344,종로구,종로5.6가동,1001266,동대문종합시장
1345,종로구,종로5.6가동,1001267,종로신진시장
1346,종로구,종로5.6가동,1001268,충신시장
1347,종로구,창신1동,1001220,서울 종로구 동대문역_2
1348,종로구,창신1동,1001222,동묘앞역
1349,종로구,창신1동,1001269,동문시장
1350,종로구,창신2동,1000022,창신2길
1351,종로구,창신2동,1000023,창신5길
1352,종로구,창신2동,1000024,창신길
1353,종로구,창신2동,1001219,서울 종로구 동대문역_1
1354,종로구,창신2동,1001270,창신골목시장
1355,종로구,청운효자동,1000012,옥인길
1356,종로구,청운효자동,1001264,통인시장
1357,종로구,평창동,1000026,평창길
1358,종로구,혜화동,1000004,명륜길
1359,종로구,혜화동,1000010,성균관로5길
1360,종로구,혜화동,1000021,창경궁로35길
1361,종로구,혜화동,1001241,혜화역 대학로_2
1362,종로구,혜화동,1001242,혜화역 대학로_3
1363,중구,광희동,1001205,동대문역사문화공원역
1364,중구,광희동,1001211,동대문시장_1
1365,중구,광희동,1001274,신중부시장
1366,중구,광희동,1001275,인현시장
1367,중구,광희동,1001276,평화시장
1368,중구,광희동,1001493,동대문패션타운 관광특구
1369,중구,다산동,1000035,동호로11길
1370,중구,다산동,1000036,동호로15길
1371,중구,다산동,1000042,청구로17길
1372,중구,다산동,1001177,서울 중구 약수역_2
1373,중구,동화동,1000031,다산로36길
1374,중구,동화동,1000032,다산로38길
1375,중구,명동,1000039,명동길
1376,중구,명동,1000045,퇴계로18길
1377,중구,명동,1001189,서울 중구 명동역
1378,중구,명동,1001203,명동거리
1379,중구,명동,1001209,서울시청
1380,중구,소공동,1001196,시청역_1
1381,중구,소공동,1001200,북창동
1382,중구,소공동,1001202,롯데백화점
1383,중구,소공동,1001210,시청역_2
1384,중구,소공동,1001492,명동 남대문 북창동 다동 무교동 관광특구
1385,중구,신당5동,1000049,퇴계로90길
1386,중구,신당5동,1001201,서울 중구 신당역_1
1387,중구,신당5동,1001283,백학시장
1388,중구,신당동,1000030,다산로33길
1389,중구,신당동,1000033,다산로39길
1390,중구,신당동,1001207,서울 중구 신당역_2
1391,중구,신당동,1001278,남평화시장
1392,중구,신당동,1001279,동평화시장
1393,중구,신당동,1001280,제일평화시장
1394,중구,신당동,1001281,청평화시장
1395,중구,약수동,1000038,동호로8길
1396,중구,약수동,1001176,서울 중구 약수역_1
1397,중구,약수동,1001282,약수시장
1398,중구,을지로동,1000040,삼일대로4길
1399,중구,을지로동,1001204,서울 중구 을지로3가역_1
1400,중구,을지로동,1001208,서울 중구 을지로3가역_2
1401,중구,을지로동,1001277,방산종합시장
1402,중구,장충동,1000037,동호로20길
1403,중구,장충동,1000041,장충단로8길
1404,중구,장충동,1000046,퇴계로46길
1405,중구,장충동,1000047,퇴계로56길
1406,중구,장충동,1001188,장충동 족발거리
1407,중구,중림동,1001285,합동(새벽)시장
1408,중구,청구동,1000034,동호로10길
1409,중구,청구동,1000043,청구로1길
1410,중구,필동,1001192,서울 중구 충무로역_1
1411,중구,필동,1001199,서울 중구 충무로역_2
1412,중구,황학동,1000028,난계로11길
1413,중구,황학동,1000029,난계로21길
1414,중구,황학동,1001284,서울중앙시장
1415,중구,회현동,1000044,퇴계로12길
1416,중구,회현동,1000048,퇴계로8길
1417,중구,회현동,1001273,남대문시장
1418,중랑구,망우3동,1000256,용마산로100길
1419,중랑구,망우3동,1001337,유영시장
1420,중랑구,망우본동,1000239,망우로68길
1421,중랑구,망우본동,1000240,망우로73길
1422,중랑구,망우본동,1000257,용마산로112길
1423,중랑구,망우본동,1000258,용마산로118길
1424,중랑구,망우본동,1001336,우림골목시장
1425,중랑구,면목2동,1000228,동일로100길
1426,중랑구,면목2동,1000229,동일로101길
1427,중랑구,면목2동,1000260,중랑천로10길
1428,중랑구,면목3.8동,1000243,면목로45길
1429,중랑구,면목3.8동,1000244,면목로48길
1430,중랑구,면목3.8동,1000245,면목로49길
1431,중랑구,면목3.8동,1000259,용마산로94길
1432,중랑구,면목3.8동,1001332,사가정시장
1433,중랑구,면목4동,1000227,답십리로75길
1434,중랑구,면목4동,1000241,면목로21길
1435,중랑구,면목4동,1000242,면목로33길
1436,중랑구,면목7동,1000253,사가정로42길
1437,중랑구,면목7동,1000254,사가정로54길
1438,중랑구,면목7동,1001331,면목골목시장
1439,중랑구,면목본동,1000222,겸재로29길
1440,중랑구,면목본동,1000223,겸재로36길
1441,중랑구,면목본동,1000224,겸재로54길
1442,중랑구,면목본동,1000246,면목로55길
1443,중랑구,면목본동,1000247,면목로56길
1444,중랑구,면목본동,1000248,면목로78길
1445,중랑구,면목본동,1001330,동원시장
1446,중랑구,묵1동,1000225,공릉로12가길
1447,중랑구,묵1동,1000226,공릉로2길
1448,중랑구,묵1동,1001335,묵1동도깨비시장
1449,중랑구,묵2동,1000236,동일로149길
1450,중랑구,묵2동,1000237,동일로157길
1451,중랑구,묵2동,1000238,동일로163길
1452,중랑구,묵2동,1001333,중화제일시장
1453,중랑구,상봉1동,1000255,신내로7가길
1454,중랑구,상봉2동,1000230,동일로112길
1455,중랑구,상봉2동,1000249,봉우재로33길
1456,중랑구,상봉2동,1001329,동부골목시장
1457,중랑구,신내1동,1000252,봉화산로56길
1458,중랑구,중화1동,1000232,동일로130길
1459,중랑구,중화1동,1000235,동일로140길
1460,중랑구,중화1동,1000250,봉화산로30길
1461,중랑구,중화2동,1000231,동일로123길
1462,중랑구,중화2동,1000233,동일로139가길
1463,중랑구,중화2동,1000234,동일로139길
1464,중랑구,중화2동,1000251,봉화산로4길
1465,중랑구,중화2동,1001334,태능시장
